Account Name;Parent Account;Account Number;Parent Account Number;Is Group;Account Type;Root type;Account Currency
Capital social;;100;;1;;Equity;
Fondo social;;101;;1;;Equity;
Capital;;102;;1;;Equity;
Socios por desembolsos no exigidos;;103;;1;;Equity;
Socios por desembolsos no exigidos, capital social;Socios por desembolsos no exigidos;1030;103;1;;Equity;
Socios por desembolsos no exigidos, capital pendiente de inscripción;Socios por desembolsos no exigidos;1034;103;1;;Equity;
Socios por aportaciones no dinerarias pendientes;;104;;1;;Equity;
Socios por aportaciones no dinerarias pendientes, capital social;Socios por aportaciones no dinerarias pendientes;1040;104;1;;Equity;
Socios por aportaciones no dinerarias pendientes, capital pendiente de inscripción;Socios por aportaciones no dinerarias pendientes;1044;104;1;;Equity;
Acciones o participaciones propias en situaciones especiales;;108;;1;;Equity;
Acciones o participaciones propias para reducción de capital;;109;;1;;Equity;
Prima de emisión o asunción;;110;;1;;Equity;
Otros instrumentos de patrimonio neto;;111;;1;;Equity;
Patrimonio neto por emisión de instrumentos financieros compuestos;Otros instrumentos de patrimonio neto;1110;111;1;;Equity;
Resto de instrumentos de patrimonio neto;Otros instrumentos de patrimonio neto;1111;111;1;;Equity;
Reserva legal;;112;;1;;Equity;
Reservas voluntarias;;113;;1;;Equity;
Reservas especiales;;114;;1;;Equity;
Reservas para acciones o participaciones de la sociedad dominante;Reservas especiales;1140;114;1;;Equity;
Reservas estatutarias;Reservas especiales;1141;114;1;;Equity;
Reserva por capital amortizado;Reservas especiales;1142;114;1;;Equity;
Reserva por fondo de comercio;Reservas especiales;1143;114;1;;Equity;
Reservas por acciones propias aceptadas en garantía;Reservas especiales;1144;114;1;;Equity;
Reservas por pérdidas y ganancias actuariales y otros ajustes;;115;;1;;Equity;
Aportaciones de socios o propietarios;;118;;1;;Equity;
Diferencias por ajuste del capital a euros;;119;;1;;Equity;
Remanente;;120;;1;;Equity;
Resultados negativos de ejercicios anteriores;;121;;1;;Equity;
Resultado del ejercicio;;129;;1;;Equity;
Subvenciones oficiales de capital;;130;;1;;Equity;
Donaciones y legados de capital;;131;;1;;Equity;
Otras subvenciones, donaciones y legados;;132;;1;;Equity;
Ajustes por valoración en activos financieros disponibles para la venta;;133;;1;;Equity;
Operaciones de cobertura;;134;;1;;Equity;
Cobertura de flujos de efectivo;Operaciones de cobertura;1340;134;1;;Equity;
Cobertura de una inversión neta en un negocio en el extranjero;Operaciones de cobertura;1341;134;1;;Equity;
Diferencias de conversión;;135;;1;;Equity;
Ajustes por valoración en activos no corrientes y grupos enajenables de elementos, mantenidos para la venta;;136;;1;;Equity;
Ingresos fiscales a distribuir en varios ejercicios;;137;;1;;Equity;
Ingresos fiscales por diferencias permanentes a distribuir en varios ejercicios;Ingresos fiscales a distribuir en varios ejercicios;1370;137;1;;Equity;
Ingresos fiscales por deducciones y bonificaciones a distribuir en varios ejercicios;Ingresos fiscales a distribuir en varios ejercicios;1371;137;1;;Equity;
Provisión por retribuciones a largo plazo al personal;;140;;1;;Liability;
Provisión para impuestos;;141;;1;;Liability;
Provisión para otras responsabilidades;;142;;1;;Liability;
Provisión por desmantelamiento, retiro o rehabilitación del inmovilizado;;143;;1;;Liability;
Provisión para actuaciones medioambientales;;145;;1;;Liability;
Provisión para reestructuraciones;;146;;1;;Liability;
Provisión por transacciones con pagos basados en instrumentos de patrimonio;;147;;1;;Liability;
Acciones o participaciones a largo plazo consideradas como pasivos financieros;;150;;1;;Liability;
Desembolsos no exigidos por acciones o participaciones consideradas como pasivos financieros;;153;;1;;Liability;
Desembolsos no exigidos, empresas del grupo;Desembolsos no exigidos por acciones o participaciones consideradas como pasivos financieros;1533;153;1;;Liability;
Desembolsos no exigidos, empresas asociadas;Desembolsos no exigidos por acciones o participaciones consideradas como pasivos financieros;1534;153;1;;Liability;
Desembolsos no exigidos, otras partes vinculadas;Desembolsos no exigidos por acciones o participaciones consideradas como pasivos financieros;1535;153;1;;Liability;
Otros desembolsos no exigidos;Desembolsos no exigidos por acciones o participaciones consideradas como pasivos financieros;1536;153;1;;Liability;
Aportaciones no dinerarias pendientes por acciones o participaciones consideradas como pasivos financieros;;154;;1;;Liability;
Aportaciones no dinerarias pendientes, empresas del grupo;Aportaciones no dinerarias pendientes por acciones o participaciones consideradas como pasivos financieros;1543;154;1;;Liability;
Aportaciones no dinerarias pendientes, empresas asociadas;Aportaciones no dinerarias pendientes por acciones o participaciones consideradas como pasivos financieros;1544;154;1;;Liability;
Aportaciones no dinerarias pendientes, otras partes vinculadas;Aportaciones no dinerarias pendientes por acciones o participaciones consideradas como pasivos financieros;1545;154;1;;Liability;
Otras aportaciones no dinerarias pendientes;Aportaciones no dinerarias pendientes por acciones o participaciones consideradas como pasivos financieros;1546;154;1;;Liability;
Deudas a largo plazo con entidades de crédito vinculadas;;160;;1;;Liability;
Deudas a largo plazo con entidades de crédito, empresas del grupo;Deudas a largo plazo con entidades de crédito vinculadas;1603;160;1;;Liability;
Deudas a largo plazo con entidades de crédito, empresas asociadas;Deudas a largo plazo con entidades de crédito vinculadas;1604;160;1;;Liability;
Deudas a largo plazo con otras entidades de crédito vinculadas;Deudas a largo plazo con entidades de crédito vinculadas;1605;160;1;;Liability;
Proveedores de inmovilizado a largo plazo, partes vinculadas;;161;;1;;Liability;
Proveedores de inmovilizado a largo plazo, empresas del grupo;Proveedores de inmovilizado a largo plazo, partes vinculadas;1613;161;1;;Liability;
Proveedores de inmovilizado a largo plazo, empresas asociadas;Proveedores de inmovilizado a largo plazo, partes vinculadas;1614;161;1;;Liability;
Proveedores de inmovilizado a largo plazo, otras partes vinculadas;Proveedores de inmovilizado a largo plazo, partes vinculadas;1615;161;1;;Liability;
Acreedores por arrendamiento financiero a largo plazo, partes vinculadas;;162;;1;;Liability;
Acreedores por arrendamiento financiero a largo plazo, empresas de grupo;Acreedores por arrendamiento financiero a largo plazo, partes vinculadas;1623;162;1;;Liability;
Acreedores por arrendamiento financiero a largo plazo, empresas asociadas;Acreedores por arrendamiento financiero a largo plazo, partes vinculadas;1624;162;1;;Liability;
Acreedores por arrendamiento financiero a largo plazo, otras partes vinculadas;Acreedores por arrendamiento financiero a largo plazo, partes vinculadas;1625;162;1;;Liability;
Otras deudas a largo plazo con partes vinculadas;;163;;1;;Liability;
Otras deudas a largo plazo, empresas del grupo;Otras deudas a largo plazo con partes vinculadas;1633;163;1;;Liability;
Otras deudas a largo plazo, empresas asociadas;Otras deudas a largo plazo con partes vinculadas;1634;163;1;;Liability;
Otras deudas a largo plazo, con otras partes vinculadas;Otras deudas a largo plazo con partes vinculadas;1635;163;1;;Liability;
Deudas a largo plazo con entidades de crédito;;170;;1;;Liability;
Deudas a largo plazo;;171;;1;;Liability;
Deudas a largo plazo transformables en subvenciones, donaciones y legados;;172;;1;;Liability;
Proveedores de inmovilizado a largo plazo;;173;;1;;Liability;
Acreedores por arrendamiento financiero a largo plazo;;174;;1;;Liability;
Efectos a pagar a largo plazo;;175;;1;;Liability;
Pasivos por derivados financieros a largo plazo;;176;;1;;Liability;
Pasivos por derivados financieros a largo plazo, cartera de negociación;Pasivos por derivados financieros a largo plazo;1765;176;1;;Liability;
Pasivos por derivados financieros a largo plazo, instrumentos de cobertura;Pasivos por derivados financieros a largo plazo;1768;176;1;;Liability;
Obligaciones y bonos;;177;;1;;Liability;
Obligaciones y bonos convertibles;;178;;1;;Liability;
Deudas representadas en otros valores negociables;;179;;1;;Liability;
Fianzas recibidas a largo plazo;;180;;1;;Liability;
Anticipos recibidos por ventas o prestaciones de servicios a largo plazo;;181;;1;;Liability;
Depósitos recibidos a largo plazo;;185;;1;;Liability;
Garantías financieras a largo plazo;;189;;1;;Liability;
Acciones o participaciones emitidas;;190;;1;;Liability;
Suscriptores de acciones;;192;;1;;Liability;
Capital emitido pendiente de inscripción;;194;;1;;Liability;
Acciones o participaciones emitidas consideradas como pasivos financieros;;195;;1;;Liability;
Suscriptores de acciones consideradas como pasivos financieros;;197;;1;;Liability;
Acciones o participaciones emitidas consideradas como pasivos financieros pendientes de inscripción;;199;;1;;Liability;
Investigación;;200;;1;;Asset;
Desarrollo;;201;;1;;Asset;
Concesiones administrativas;;202;;1;;Asset;
Propiedad industrial;;203;;1;;Asset;
Fondo de comercio;;204;;1;;Asset;
Derechos de traspaso;;205;;1;;Asset;
Aplicaciones informáticas;;206;;1;;Asset;
Anticipos para inmovilizaciones intangibles;;209;;1;;Asset;
Terrenos y bienes naturales;;210;;1;;Asset;
Construcciones;;211;;1;;Asset;
Instalaciones técnicas;;212;;1;;Asset;
Maquinaria;;213;;1;;Asset;
Utillaje;;214;;1;;Asset;
Otras instalaciones;;215;;1;;Asset;
Mobiliario;;216;;1;;Asset;
Equipos para procesos de información;;217;;1;;Asset;
Elementos de transporte;;218;;1;;Asset;
Otro inmovilizado material;;219;;1;;Asset;
Inversiones en terrenos y bienes naturales;;220;;1;;Asset;
Inversiones en construcciones;;221;;1;;Asset;
Adaptación de terrenos y bienes naturales;;230;;1;;Asset;
Construcciones en curso;;231;;1;;Asset;
Instalaciones técnicas en montaje;;232;;1;;Asset;
Maquinaria en montaje;;233;;1;;Asset;
Equipos para procesos de información en montaje;;237;;1;;Asset;
Anticipos para inmovilizaciones materiales;;239;;1;;Asset;
Participaciones a largo plazo en partes vinculadas;;240;;1;;Asset;
Participaciones a largo plazo en empresas del grupo;Participaciones a largo plazo en partes vinculadas;2403;240;1;;Asset;
Participaciones a largo plazo en empresas asociadas;Participaciones a largo plazo en partes vinculadas;2404;240;1;;Asset;
Participaciones a largo plazo en otras partes vinculadas;Participaciones a largo plazo en partes vinculadas;2405;240;1;;Asset;
Valores representativos de deuda a largo plazo de partes vinculadas;;241;;1;;Asset;
Valores representativos de deuda a largo plazo de empresas del grupo;Valores representativos de deuda a largo plazo de partes vinculadas;2413;241;1;;Asset;
Valores representativos de deuda a largo plazo de empresas asociadas;Valores representativos de deuda a largo plazo de partes vinculadas;2414;241;1;;Asset;
Valores representativos de deuda a largo plazo de otras partes vinculadas;Valores representativos de deuda a largo plazo de partes vinculadas;2415;241;1;;Asset;
Créditos a largo plazo a partes vinculadas;;242;;1;;Asset;
Créditos a largo plazo a empresas del grupo;Créditos a largo plazo a partes vinculadas;2423;242;1;;Asset;
Créditos a largo plazo a empresas asociadas;Créditos a largo plazo a partes vinculadas;2424;242;1;;Asset;
Créditos a largo plazo a otras partes vinculadas;Créditos a largo plazo a partes vinculadas;2425;242;1;;Asset;
Desembolsos pendientes sobre participaciones a largo plazo en partes vinculadas;;249;;1;;Asset;
Desembolsos pendientes sobre participaciones a largo plazo en em presas del grupo;Desembolsos pendientes sobre participaciones a largo plazo en partes vinculadas;2493;249;1;;Asset;
Desembolsos pendientes sobre participaciones a largo plazo en empresas asociadas;Desembolsos pendientes sobre participaciones a largo plazo en partes vinculadas;2494;249;1;;Asset;
Desembolsos pendientes sobre participaciones a largo plazo en otras partes vinculadas;Desembolsos pendientes sobre participaciones a largo plazo en partes vinculadas;2495;249;1;;Asset;
Inversiones financieras a largo plazo en instrumentos de patrimonio;;250;;1;;Asset;
Valores representativos de deuda a largo plazo;;251;;1;;Asset;
Créditos a largo plazo;;252;;1;;Asset;
Créditos a largo plazo por enajenación de inmovilizado;;253;;1;;Asset;
Créditos a largo plazo al personal;;254;;1;;Asset;
Activos por derivados financieros a largo plazo;;255;;1;;Asset;
Activos por derivados financieros a largo plazo, cartera de negociación;Activos por derivados financieros a largo plazo;2550;255;1;;Asset;
Activos por derivados financieros a largo plazo, instrumentos de cobertura;Activos por derivados financieros a largo plazo;2553;255;1;;Asset;
Derechos de reembolso derivados de contratos de seguro relativos a retribuciones a largo plazo al personal;;257;;1;;Asset;
Imposiciones a largo plazo;;258;;1;;Asset;
Desembolsos pendientes sobre participaciones en el patrimonio neto a largo plazo;;259;;1;;Asset;
Fianzas constituidas a largo plazo;;260;;1;;Asset;
Depósitos constituidos a largo plazo;;265;;1;;Asset;
Amortización acumulada del inmovilizado intangible;;280;;1;;Asset;
Amortización acumulada de investigación;Amortización acumulada del inmovilizado intangible;2800;280;1;;Asset;
Amortización acumulada de desarrollo;Amortización acumulada del inmovilizado intangible;2801;280;1;;Asset;
Amortización acumulada de concesiones administrativas;Amortización acumulada del inmovilizado intangible;2802;280;1;;Asset;
Amortización acumulada de propiedad industrial;Amortización acumulada del inmovilizado intangible;2803;280;1;;Asset;
Amortización acumulada de derechos de traspaso;Amortización acumulada del inmovilizado intangible;2805;280;1;;Asset;
Amortización acumulada de aplicaciones informáticas;Amortización acumulada del inmovilizado intangible;2806;280;1;;Asset;
Amortización acumulada del inmovilizado material;;281;;1;;Asset;
Amortización acumulada de construcciones;Amortización acumulada del inmovilizado material;2811;281;1;;Asset;
Amortización acumulada de instalaciones técnicas;Amortización acumulada del inmovilizado material;2812;281;1;;Asset;
Amortización acumulada de maquinaria;Amortización acumulada del inmovilizado material;2813;281;1;;Asset;
Amortización acumulada de utillaje;Amortización acumulada del inmovilizado material;2814;281;1;;Asset;
Amortización acumulada de otras instalaciones;Amortización acumulada del inmovilizado material;2815;281;1;;Asset;
Amortización acumulada de mobiliario;Amortización acumulada del inmovilizado material;2816;281;1;;Asset;
Amortización acumulada de equipos para procesos de información;Amortización acumulada del inmovilizado material;2817;281;1;;Asset;
Amortización acumulada de elementos de transporte;Amortización acumulada del inmovilizado material;2818;281;1;;Asset;
Amortización acumulada de otro inmovilizado material;Amortización acumulada del inmovilizado material;2819;281;1;;Asset;
Amortización acumulada de las inversiones inmobiliarias;;282;;1;;Asset;
Deterioro de valor del inmovilizado intangible;;290;;1;;Asset;
Deterioro de valor de investigación;Deterioro de valor del inmovilizado intangible;2900;290;1;;Asset;
Deterioro del valor de desarrollo;Deterioro de valor del inmovilizado intangible;2901;290;1;;Asset;
Deterioro de valor de concesiones administrativas;Deterioro de valor del inmovilizado intangible;2902;290;1;;Asset;
Deterioro de valor de propiedad industrial;Deterioro de valor del inmovilizado intangible;2903;290;1;;Asset;
Deterioro de valor de derechos de traspaso;Deterioro de valor del inmovilizado intangible;2905;290;1;;Asset;
Deterioro de valor de aplicaciones informáticas;Deterioro de valor del inmovilizado intangible;2906;290;1;;Asset;
Deterioro de valor del inmovilizado material;;291;;1;;Asset;
Deterioro de valor de terrenos y bienes naturales;Deterioro de valor del inmovilizado material;2910;291;1;;Asset;
Deterioro de valor de construcciones;Deterioro de valor del inmovilizado material;2911;291;1;;Asset;
Deterioro de valor de instalaciones técnicas;Deterioro de valor del inmovilizado material;2912;291;1;;Asset;
Deterioro de valor de maquinaria;Deterioro de valor del inmovilizado material;2913;291;1;;Asset;
Deterioro de valor de utillaje;Deterioro de valor del inmovilizado material;2914;291;1;;Asset;
Deterioro de valor de otras instalaciones;Deterioro de valor del inmovilizado material;2915;291;1;;Asset;
Deterioro de valor de mobiliario;Deterioro de valor del inmovilizado material;2916;291;1;;Asset;
Deterioro de valor de equipos para procesos de información;Deterioro de valor del inmovilizado material;2917;291;1;;Asset;
Deterioro de valor de elementos de transporte;Deterioro de valor del inmovilizado material;2918;291;1;;Asset;
Deterioro de valor de otro inmovilizado material;Deterioro de valor del inmovilizado material;2919;291;1;;Asset;
Deterioro de valor de las inversiones inmobiliarias;;292;;1;;Asset;
Deterioro de valor de los terrenos y bienes naturales;Deterioro de valor de las inversiones inmobiliarias;2920;292;1;;Asset;
Deterioro de valor de construcciones;Deterioro de valor de las inversiones inmobiliarias;2921;292;1;;Asset;
Deterioro de valor de participaciones a largo plazo en partes vinculadas;;293;;1;;Asset;
Deterioro de valor de participaciones a largo plazo en empresas del grupo;Deterioro de valor de participaciones a largo plazo en partes vinculadas;2933;293;1;;Asset;
Deterioro de valor de participaciones a largo plazo en empresas asociadas;Deterioro de valor de participaciones a largo plazo en partes vinculadas;2934;293;1;;Asset;
Deterioro de valor de valores representativos de deuda a largo plazo de partes vinculadas;;294;;1;;Asset;
Deterioro de valor de valores representativos de deuda a largo plazo de empresas del grupo;Deterioro de valor de valores representativos de deuda a largo plazo de partes vinculadas;2943;294;1;;Asset;
Deterioro de valor de valores representativos de deuda a largo plazo de empresas asociadas;Deterioro de valor de valores representativos de deuda a largo plazo de partes vinculadas;2944;294;1;;Asset;
Deterioro de valor de valores representativos de deuda a largo plazo de otras partes vinculadas;Deterioro de valor de valores representativos de deuda a largo plazo de partes vinculadas;2945;294;1;;Asset;
Deterioro de valor de créditos a lar go plazo a partes vinculadas;;295;;1;;Asset;
Deterioro de valor de créditos a largo plazo a empresas del grupo;Deterioro de valor de créditos a lar go plazo a partes vinculadas;2953;295;1;;Asset;
Deterioro de valor de créditos a largo plazo a empresas asociadas;Deterioro de valor de créditos a lar go plazo a partes vinculadas;2954;295;1;;Asset;
Deterioro de valor de créditos a largo plazo a otras partes vinculadas;Deterioro de valor de créditos a lar go plazo a partes vinculadas;2955;295;1;;Asset;
Deterioro de valor de valores representativos de deuda a largo plazo;;297;;1;;Asset;
Deterioro de valor de créditos a largo plazo;;298;;1;;Asset;
Mercaderías A;;300;;1;;Asset;
Mercaderías B;;301;;1;;Asset;
Materias primas A;;310;;1;;Asset;
Materias primas B;;311;;1;;Asset;
Elementos y conjuntos incorporables;;320;;1;;Asset;
Combustibles;;321;;1;;Asset;
Repuestos;;322;;1;;Asset;
Materiales diversos;;325;;1;;Asset;
Embalajes;;326;;1;;Asset;
Envases;;327;;1;;Asset;
Material de oficina;;328;;1;;Asset;
Productos en curso A;;330;;1;;Asset;
Productos en curso B;;331;;1;;Asset;
Productos semiterminados A;;340;;1;;Asset;
Productos semiterminados B;;341;;1;;Asset;
Productos terminados A;;350;;1;;Asset;
Productos terminados B;;351;;1;;Asset;
Subproductos A;;360;;1;;Asset;
Subproductos B;;361;;1;;Asset;
Residuos A;;365;;1;;Asset;
Residuos B;;366;;1;;Asset;
Materiales recuperados A;;368;;1;;Asset;
Materiales recuperados B;;369;;1;;Asset;
Deterioro de valor de las mercaderías;;390;;1;;Asset;
Deterioro de valor de las materias primas;;391;;1;;Asset;
Deterioro de valor de otros aprovi sionamientos;;392;;1;;Asset;
Deterioro de valor de los productos en curso;;393;;1;;Asset;
Deterioro de valor de los productos semiterminados;;394;;1;;Asset;
Deterioro de valor de los productos terminados;;395;;1;;Asset;
Deterioro de valor de los subproductos, residuos y materiales recuperados;;396;;1;;Asset;
Proveedores;;400;;1;;Liability;
Proveedores (euros);Proveedores;4000;400;1;;Liability;
Proveedores (moneda extranjera);Proveedores;4004;400;1;;Liability;
Proveedores, facturas pendientes de recibir o de formalizar;Proveedores;4009;400;1;;Liability;
Proveedores, efectos comerciales a pagar;;401;;1;;Liability;
Proveedores, empresas del grupo;;403;;1;;Liability;
Proveedores, empresas del grupo (euros);Proveedores, empresas del grupo;4030;403;1;;Liability;
Efectos comerciales a pagar, empresas del grupo;Proveedores, empresas del grupo;4031;403;1;;Liability;
Proveedores, empresas del grupo (moneda extranjera);Proveedores, empresas del grupo;4034;403;1;;Liability;
Envases y embalajes a devolver a proveedores, empresas del grupo;Proveedores, empresas del grupo;4036;403;1;;Liability;
Proveedores, empresas del grupo, facturas pendientes de recibir o de formalizar;Proveedores, empresas del grupo;4039;403;1;;Liability;
Proveedores, empresas asociadas;;404;;1;;Liability;
Proveedores, otras partes vinculadas;;405;;1;;Liability;
Envases y embalajes a devolver a proveedores;;406;;1;;Liability;
Anticipos a proveedores;;407;;1;;Liability;
Acreedores por prestaciones de servicios;;410;;1;;Liability;
Acreedores por prestaciones de servicios (euros);Acreedores por prestaciones de servicios;4100;410;1;;Liability;
Acreedores por prestaciones de servicios, (moneda extranjera);Acreedores por prestaciones de servicios;4104;410;1;;Liability;
Acreedores por prestaciones de servicios, facturas pendientes de recibir o de formalizar;Acreedores por prestaciones de servicios;4109;410;1;;Liability;
Acreedores, efectos comerciales a pagar;;411;;1;;Liability;
Acreedores por operaciones en común;;419;;1;;Liability;
Clientes;;430;;1;;Asset;
Clientes (euros);Clientes;4300;430;1;;Asset;
Clientes (moneda extranjera);Clientes;4304;430;1;;Asset;
Clientes, facturas pendientes de formalizar;Clientes;4309;430;1;;Asset;
Clientes, efectos comerciales a cobrar;;431;;1;;Asset;
Efectos comerciales en cartera;Clientes, efectos comerciales a cobrar;4310;431;1;;Asset;
Efectos comerciales descontados;Clientes, efectos comerciales a cobrar;4311;431;1;;Asset;
Efectos comerciales en gestión de cobro;Clientes, efectos comerciales a cobrar;4312;431;1;;Asset;
Efectos comerciales impagados;Clientes, efectos comerciales a cobrar;4315;431;1;;Asset;
Clientes, operaciones de “factoring”;;432;;1;;Asset;
Clientes, empresas del grupo;;433;;1;;Asset;
Clientes empresas del grupo (euros);Clientes, empresas del grupo;4330;433;1;;Asset;
Efectos comerciales a cobrar, empresas del grupo;Clientes, empresas del grupo;4331;433;1;;Asset;
Clientes empresas del grupo, operaciones de “factoring”;Clientes, empresas del grupo;4332;433;1;;Asset;
Clientes empresas del grupo (moneda extranjera);Clientes, empresas del grupo;4334;433;1;;Asset;
Clientes empresas del grupo de dudoso cobro;Clientes, empresas del grupo;4336;433;1;;Asset;
Envases y embalajes a devolver a clientes, empresas del grupo;Clientes, empresas del grupo;4337;433;1;;Asset;
Clientes empresas del grupo, facturas pendientes de formalizar;Clientes, empresas del grupo;4339;433;1;;Asset;
Clientes, empresas asociadas;;434;;1;;Asset;
Clientes, otras partes vinculadas;;435;;1;;Asset;
Clientes de dudoso cobro;;436;;1;;Asset;
Envases y embalajes a devolver por clientes;;437;;1;;Asset;
Anticipos de clientes;;438;;1;;Asset;
Deudores;;440;;1;;Asset;
Deudores (euros);Deudores;4400;440;1;;Asset;
Deudores (moneda extranjera);Deudores;4404;440;1;;Asset;
Deudores, facturas pendientes de formalizar;Deudores;4409;440;1;;Asset;
Deudores, efectos comerciales a cobrar;;441;;1;;Asset;
Deudores, efectos comerciales en cartera;Deudores, efectos comerciales a cobrar;4410;441;1;;Asset;
Deudores, efectos comerciales descontados;Deudores, efectos comerciales a cobrar;4411;441;1;;Asset;
Deudores, efectos comerciales en gestión de cobro;Deudores, efectos comerciales a cobrar;4412;441;1;;Asset;
Deudores, efectos comerciales impagados;Deudores, efectos comerciales a cobrar;4415;441;1;;Asset;
Deudores de dudoso cobro;;446;;1;;Asset;
Deudores por operaciones en común;;449;;1;;Asset;
Anticipos de remuneraciones;;460;;1;;Asset;
Remuneraciones pendientes de pago;;465;;1;;Asset;
Remuneraciones mediante sistemas de aportación definida pendientes de pago;;466;;1;;Asset;
Hacienda Pública, deudora por diversos conceptos;;470;;1;;Asset;
Hacienda Pública, deudora por IVA;Hacienda Pública, deudora por diversos conceptos;4700;470;1;;Asset;
Hacienda Pública, deudora por subvenciones concedidas;Hacienda Pública, deudora por diversos conceptos;4708;470;1;;Asset;
Hacienda Pública, deudora por devolución de impuestos;Hacienda Pública, deudora por diversos conceptos;4709;470;1;;Asset;
Organismos de la Seguridad Social, deudores;;471;;1;;Asset;
Hacienda Pública, IVA soportado;;472;;1;;Asset;
Hacienda Pública, retenciones y pagos a cuenta;;473;;1;;Asset;
Activos por impuesto diferido;;474;;1;;Asset;
Activos por diferencias temporarias deducibles;Activos por impuesto diferido;4740;474;1;;Asset;
Derechos por deducciones y bonificaciones pendientes de aplicar;Activos por impuesto diferido;4742;474;1;;Asset;
Crédito por pérdidas a compensar del ejercicio;Activos por impuesto diferido;4745;474;1;;Asset;
Hacienda Pública, acreedora por conceptos fiscales;;475;;1;;Liability;
Hacienda Pública, acreedora por IVA;Hacienda Pública, acreedora por conceptos fiscales;4750;475;1;;Liability;
Hacienda Pública, acreedora por retenciones practicadas;Hacienda Pública, acreedora por conceptos fiscales;4751;475;1;;Liability;
Hacienda Pública, acreedora por impuesto sobre sociedades;Hacienda Pública, acreedora por conceptos fiscales;4752;475;1;;Liability;
Hacienda Pública, acreedora por subvenciones a reintegrar;Hacienda Pública, acreedora por conceptos fiscales;4758;475;1;;Liability;
Organismos de la Seguridad Social, acreedores;;476;;1;;Liability;
Hacienda Pública, IVA repercutido;;477;;1;;Liability;
Pasivos por diferencias temporarias imponibles;;479;;1;;Liability;
Gastos anticipados;;480;;1;;Liability;
Ingresos anticipados;;485;;1;;Liability;
Deterioro de valor de créditos por operaciones comerciales;;490;;1;;Liability;
Deterioro de valor de créditos por operaciones comerciales con partes vinculadas;;493;;1;;Liability;
Deterioro de valor de créditos por operaciones comerciales con empresas del grupo;Deterioro de valor de créditos por operaciones comerciales con partes vinculadas;4933;493;1;;Liability;
Deterioro de valor de créditos por operaciones comerciales con empresas asociadas;Deterioro de valor de créditos por operaciones comerciales con partes vinculadas;4934;493;1;;Liability;
Deterioro de valor de créditos por operaciones comerciales con otras partes vinculadas;Deterioro de valor de créditos por operaciones comerciales con partes vinculadas;4935;493;1;;Liability;
Provisiones por operaciones comerciales;;499;;1;;Liability;
Provisión por contratos onerosos;Provisiones por operaciones comerciales;4994;499;1;;Liability;
Provisión para otras operaciones comerciales;Provisiones por operaciones comerciales;4999;499;1;;Liability;
Obligaciones y bonos a corto plazo;;500;;1;;Liability;
Obligaciones y bonos convertibles a corto plazo;;501;;1;;Liability;
Acciones o participaciones a corto plazo consideradas como pasivos financieros;;502;;1;;Liability;
Deudas representadas en otros valores negociables a corto plazo;;505;;1;;Liability;
Intereses a corto plazo de empréstitos y otras emisiones análogas;;506;;1;;Liability;
Dividendos de acciones o participaciones consideradas como pasivos financieros;;507;;1;;Liability;
Valores negociables amortizados;;509;;1;;Liability;
Obligaciones y bonos amortizados;Valores negociables amortizados;5090;509;1;;Liability;
Obligaciones y bonos convertibles amortizados;Valores negociables amortizados;5091;509;1;;Liability;
Otros valores negociables amortizados;Valores negociables amortizados;5095;509;1;;Liability;
Deudas a corto plazo con entidades de crédito vinculadas;;510;;1;;Liability;
Deudas a corto plazo con entidades de crédito, empresas del grupo;Deudas a corto plazo con entidades de crédito vinculadas;5103;510;1;;Liability;
Deudas a corto plazo con entidades de crédito, empresas asociadas;Deudas a corto plazo con entidades de crédito vinculadas;5104;510;1;;Liability;
Deudas a corto plazo con otras entidades de crédito vinculadas;Deudas a corto plazo con entidades de crédito vinculadas;5105;510;1;;Liability;
Proveedores de inmovilizado a corto plazo, partes vinculadas;;511;;1;;Liability;
Proveedores de inmovilizado a corto plazo, empresas del grupo;Proveedores de inmovilizado a corto plazo, partes vinculadas;5113;511;1;;Liability;
Proveedores de inmovilizado a corto plazo, empresas asociadas;Proveedores de inmovilizado a corto plazo, partes vinculadas;5114;511;1;;Liability;
Proveedores de inmovilizado a corto plazo, otras partes vinculadas;Proveedores de inmovilizado a corto plazo, partes vinculadas;5115;511;1;;Liability;
Acreedores por arrendamiento financiero a corto plazo, partes vinculadas;;512;;1;;Liability;
Acreedores por arrendamiento financiero a corto plazo, empresas del grupo;Acreedores por arrendamiento financiero a corto plazo, partes vinculadas;5123;512;1;;Liability;
Acreedores por arrendamiento financiero a corto plazo, empresas asociadas;Acreedores por arrendamiento financiero a corto plazo, partes vinculadas;5124;512;1;;Liability;
Acreedores por arrendamiento financiero a corto plazo, otras partes vinculadas;Acreedores por arrendamiento financiero a corto plazo, partes vinculadas;5125;512;1;;Liability;
Otras deudas a corto plazo con partes vinculadas;;513;;1;;Liability;
Otras deudas a corto plazo con empresas del grupo;Otras deudas a corto plazo con partes vinculadas;5133;513;1;;Liability;
Otras deudas a corto plazo con empresas asociadas;Otras deudas a corto plazo con partes vinculadas;5134;513;1;;Liability;
Otras deudas a corto plazo con otras partes vinculadas;Otras deudas a corto plazo con partes vinculadas;5135;513;1;;Liability;
Intereses a corto plazo de deudas con partes vinculadas;;514;;1;;Liability;
Intereses a corto plazo de deudas, empresas del grupo;Intereses a corto plazo de deudas con partes vinculadas;5143;514;1;;Liability;
Intereses a corto plazo de deudas, empresas asociadas;Intereses a corto plazo de deudas con partes vinculadas;5144;514;1;;Liability;
Intereses a corto plazo de deudas, otras partes vinculadas;Intereses a corto plazo de deudas con partes vinculadas;5145;514;1;;Liability;
Deudas a corto plazo con entidades de crédito;;520;;1;;Liability;
Préstamos a corto plazo de entidades de crédito;Deudas a corto plazo con entidades de crédito;5200;520;1;;Liability;
Deudas a corto plazo por crédito dispuesto;Deudas a corto plazo con entidades de crédito;5201;520;1;;Liability;
Deudas por efectos descontados;Deudas a corto plazo con entidades de crédito;5208;520;1;;Liability;
Deudas por operaciones de “factoring”;Deudas a corto plazo con entidades de crédito;5209;520;1;;Liability;
Deudas a corto plazo;;521;;1;;Liability;
Deudas a corto plazo transformables en subvenciones, donaciones y legados;;522;;1;;Liability;
Proveedores de inmovilizado a corto plazo;;523;;1;;Liability;
Acreedores por arrendamiento financiero a corto plazo;;524;;1;;Liability;
Efectos a pagar a corto plazo;;525;;1;;Liability;
Dividendo activo a pagar;;526;;1;;Liability;
Intereses a corto plazo de deudas con entidades de crédito;;527;;1;;Liability;
Intereses a corto plazo de deudas;;528;;1;;Liability;
Provisiones a corto plazo;;529;;1;;Liability;
Provisión a corto plazo por retribuciones al personal;Provisiones a corto plazo;5290;529;1;;Liability;
Provisión a corto plazo para impuestos;Provisiones a corto plazo;5291;529;1;;Liability;
Provisión a corto plazo para otras responsabilidades;Provisiones a corto plazo;5292;529;1;;Liability;
Provisión a corto plazo por desmantelamiento, retiro o rehabilitación del inmovilizado;Provisiones a corto plazo;5293;529;1;;Liability;
Provisión a corto plazo para actuaciones medioambientales;Provisiones a corto plazo;5295;529;1;;Liability;
Provisión a corto plazo para reestructuraciones;Provisiones a corto plazo;5296;529;1;;Liability;
Provisión a corto plazo por transacciones con pagos basados en instrumentos de patrimonio;Provisiones a corto plazo;5297;529;1;;Liability;
Participaciones a corto plazo en partes vinculadas;;530;;1;;Liability;
Participaciones a corto plazo, en empresas del grupo;Participaciones a corto plazo en partes vinculadas;5303;530;1;;Liability;
Participaciones a corto plazo, en empresas asociadas;Participaciones a corto plazo en partes vinculadas;5304;530;1;;Liability;
Participaciones a corto plazo, en otras partes vinculadas;Participaciones a corto plazo en partes vinculadas;5305;530;1;;Liability;
Valores representativos de deuda a corto plazo de partes vinculadas;;531;;1;;Liability;
Valores representativos de deuda a corto plazo de empresas del grupo;Valores representativos de deuda a corto plazo de partes vinculadas;5313;531;1;;Liability;
Valores representativos de deuda a corto plazo de empresas asociadas;Valores representativos de deuda a corto plazo de partes vinculadas;5314;531;1;;Liability;
Valores representativos de deuda a corto plazo de otras partes vinculadas;Valores representativos de deuda a corto plazo de partes vinculadas;5315;531;1;;Liability;
Créditos a corto plazo a partes vinculadas;;532;;1;;Liability;
Créditos a corto plazo a empresas del grupo;Créditos a corto plazo a partes vinculadas;5323;532;1;;Liability;
Créditos a corto plazo a empresas asociadas;Créditos a corto plazo a partes vinculadas;5324;532;1;;Liability;
Créditos a corto plazo a otras partes vinculadas;Créditos a corto plazo a partes vinculadas;5325;532;1;;Liability;
Intereses a corto plazo de valores representativos de deuda de partes vinculadas;;533;;1;;Liability;
Intereses a corto plazo de valores representativos de deuda de empresas del grupo;Intereses a corto plazo de valores representativos de deuda de partes vinculadas;5333;533;1;;Liability;
Intereses a corto plazo de valores representativos de deuda de empresas asociadas;Intereses a corto plazo de valores representativos de deuda de partes vinculadas;5334;533;1;;Liability;
Intereses a corto plazo de valores representativos de deuda de otras partes vinculadas;Intereses a corto plazo de valores representativos de deuda de partes vinculadas;5335;533;1;;Liability;
Intereses a corto plazo de créditos a partes vinculadas;;534;;1;;Liability;
Intereses a corto plazo de créditos a empresas del grupo;Intereses a corto plazo de créditos a partes vinculadas;5343;534;1;;Liability;
Intereses a corto plazo de créditos a empresas asociadas;Intereses a corto plazo de créditos a partes vinculadas;5344;534;1;;Liability;
Intereses a corto plazo de créditos a otras partes vinculadas;Intereses a corto plazo de créditos a partes vinculadas;5345;534;1;;Liability;
Dividendo a cobrar de inversiones financieras en partes vinculadas;;535;;1;;Liability;
Dividendo a cobrar de empresas de grupo;Dividendo a cobrar de inversiones financieras en partes vinculadas;5353;535;1;;Liability;
Dividendo a cobrar de empresas asociadas;Dividendo a cobrar de inversiones financieras en partes vinculadas;5354;535;1;;Liability;
Dividendo a cobrar de otras partes vinculadas;Dividendo a cobrar de inversiones financieras en partes vinculadas;5355;535;1;;Liability;
Desembolsos pendientes sobre participaciones a corto plazo en partes vinculadas;;539;;1;;Liability;
Desembolsos pendientes sobre participaciones a corto plazo en empresas del grupo;Desembolsos pendientes sobre participaciones a corto plazo en partes vinculadas;5393;539;1;;Liability;
Desembolsos pendientes sobre participaciones a corto plazo en empresas asociadas;Desembolsos pendientes sobre participaciones a corto plazo en partes vinculadas;5394;539;1;;Liability;
Desembolsos pendientes sobre participaciones a corto plazo en otras partes vinculadas;Desembolsos pendientes sobre participaciones a corto plazo en partes vinculadas;5395;539;1;;Liability;
Inversiones financieras a corto plazo en instrumentos de patrimonio;;540;;1;;Asset;
Valores representativos de deuda a corto plazo;;541;;1;;Asset;
Créditos a corto plazo;;542;;1;;Asset;
Créditos a corto plazo por enajenación de inmovilizado;;543;;1;;Asset;
Créditos a corto plazo al personal;;544;;1;;Asset;
Dividendo a cobrar;;545;;1;;Asset;
Intereses a corto plazo de valores representativos de deudas;;546;;1;;Asset;
Intereses a corto plazo de créditos;;547;;1;;Asset;
Imposiciones a corto plazo;;548;;1;;Asset;
Desembolsos pendientes sobre participaciones en el patrimonio neto a corto plazo;;549;;1;;Asset;
Titular de la explotación;;550;;1;;Asset;
Cuenta corriente con socios y administradores;;551;;1;;Asset;
Cuenta corriente con otras personas y entidades vinculadas;;552;;1;;Asset;
Cuenta corriente con empresas del grupo;Cuenta corriente con otras personas y entidades vinculadas;5523;552;1;;Asset;
Cuenta corriente con empresas asociadas;Cuenta corriente con otras personas y entidades vinculadas;5524;552;1;;Asset;
Cuenta corriente con otras partes vinculadas;Cuenta corriente con otras personas y entidades vinculadas;5525;552;1;;Asset;
Cuentas corrientes en fusiones y escisiones;;553;;1;;Asset;
Socios de sociedad disuelta;Cuentas corrientes en fusiones y escisiones;5530;553;1;;Asset;
Socios, cuenta de fusión;Cuentas corrientes en fusiones y escisiones;5531;553;1;;Asset;
Socios de sociedad escindida;Cuentas corrientes en fusiones y escisiones;5532;553;1;;Asset;
Socios, cuenta de escisión;Cuentas corrientes en fusiones y escisiones;5533;553;1;;Asset;
Cuenta corriente con uniones temporales de empresas y comunidades de bienes;;554;;1;;Asset;
Partidas pendientes de aplicación;;555;;1;;Asset;
Desembolsos exigidos sobre participaciones en el patrimonio neto;;556;;1;;Asset;
Desembolsos exigidos sobre participaciones, empresas del grupo;Desembolsos exigidos sobre participaciones en el patrimonio neto;5563;556;1;;Asset;
Desembolsos exigidos sobre participaciones, empresas asociadas;Desembolsos exigidos sobre participaciones en el patrimonio neto;5564;556;1;;Asset;
Desembolsos exigidos sobre participaciones, otras partes vinculadas;Desembolsos exigidos sobre participaciones en el patrimonio neto;5565;556;1;;Asset;
Desembolsos exigidos sobre participaciones de otras empresas;Desembolsos exigidos sobre participaciones en el patrimonio neto;5566;556;1;;Asset;
Dividendo activo a cuenta;;557;;1;;Asset;
Socios por desembolsos exigidos;;558;;1;;Asset;
Socios por desembolsos exigidos sobre acciones o participaciones ordinarias;Socios por desembolsos exigidos;5580;558;1;;Asset;
Socios por desembolsos exigidos sobre acciones o participaciones consideradas como pasivos financieros;Socios por desembolsos exigidos;5585;558;1;;Asset;
Derivados financieros a corto plazo;;559;;1;;Asset;
Activos por derivados financieros a corto plazo, cartera de negociación;Derivados financieros a corto plazo;5590;559;1;;Asset;
Activos por derivados financieros a corto plazo, instrumentos de cobertura;Derivados financieros a corto plazo;5593;559;1;;Asset;
Pasivos por derivados financieros a corto plazo, cartera de negociación;Derivados financieros a corto plazo;5595;559;1;;Asset;
Pasivos por derivados financieros a corto plazo, instrumentos de cobertura;Derivados financieros a corto plazo;5598;559;1;;Asset;
Fianzas recibidas a corto plazo;;560;;1;;Asset;
Depósitos recibidos a corto plazo;;561;;1;;Asset;
Fianzas constituidas a corto plazo;;565;;1;;Asset;
Depósitos constituidos a corto plazo;;566;;1;;Asset;
Intereses pagados por anticipado;;567;;1;;Asset;
Intereses cobrados por anticipado;;568;;1;;Asset;
Garantías financieras a corto plazo;;569;;1;;Asset;
Caja, euros;;570;;1;;Asset;
Caja, moneda extranjera;;571;;1;;Asset;
Bancos e instituciones de crédito c/c vista, euros;;572;;1;;Asset;
Bancos e instituciones de crédito c/c vista, moneda extranjera;;573;;1;;Asset;
Bancos e instituciones de crédito, cuentas de ahorro, euros;;574;;1;;Asset;
Bancos e instituciones de crédito, cuentas de ahorro, moneda extranjera;;575;;1;;Asset;
Inversiones a corto plazo de gran liquidez;;576;;1;;Asset;
Inmovilizado;;580;;1;;Asset;
Inversiones con personas y entidades vinculadas;;581;;1;;Asset;
Inversiones financieras;;582;;1;;Asset;
Existencias, deudores comerciales y otras cuentas a cobrar;;583;;1;;Asset;
Otros activos;;584;;1;;Asset;
Provisiones;;585;;1;;Asset;
Deudas con características especiales;;586;;1;;Asset;
Deudas con personas y entidades vinculadas;;587;;1;;Asset;
Acreedores comerciales y otras cuentas a pagar;;588;;1;;Asset;
Otros pasivos;;589;;1;;Asset;
Deterioro de valor de participaciones a corto plazo en partes vinculadas;;593;;1;;Asset;
Deterioro de valor de participaciones a corto plazo en empresas del grupo;Deterioro de valor de participaciones a corto plazo en partes vinculadas;5933;593;1;;Asset;
Deterioro de valor de participaciones a corto plazo en empresas asociadas;Deterioro de valor de participaciones a corto plazo en partes vinculadas;5934;593;1;;Asset;
Deterioro de valor de valores representativos de deuda a corto plazo de partes vinculadas;;594;;1;;Asset;
Deterioro de valor de valores representativos de deuda a corto plazo de empresas del grupo;Deterioro de valor de valores representativos de deuda a corto plazo de partes vinculadas;5943;594;1;;Asset;
Deterioro de valor de valores representativos de deuda a corto plazo de empresas asociadas;Deterioro de valor de valores representativos de deuda a corto plazo de partes vinculadas;5944;594;1;;Asset;
Deterioro de valor de valores representativos de deuda a corto plazo de otras partes vinculadas;Deterioro de valor de valores representativos de deuda a corto plazo de partes vinculadas;5945;594;1;;Asset;
Deterioro de valor de créditos a corto plazo a partes vinculadas;;595;;1;;Asset;
Deterioro de valor de créditos a corto plazo a empresas del grupo;Deterioro de valor de créditos a corto plazo a partes vinculadas;5953;595;1;;Asset;
Deterioro de valor de créditos a corto plazo a empresas asociadas;Deterioro de valor de créditos a corto plazo a partes vinculadas;5954;595;1;;Asset;
Deterioro de valor de créditos a corto plazo a otras partes vinculadas;Deterioro de valor de créditos a corto plazo a partes vinculadas;5955;595;1;;Asset;
Deterioro de valor de valores representativos de deuda a corto plazo;;597;;1;;Asset;
Deterioro de valor de créditos a corto plazo;;598;;1;;Asset;
Deterioro de valor de activos no corrientes mantenidos para la venta;;599;;1;;Asset;
Deterioro de valor de inmovilizado no corriente mantenido para la venta;Deterioro de valor de activos no corrientes mantenidos para la venta;5990;599;1;;Asset;
Deterioro de valor de inversiones con personas y entidades vinculadas no corrientes mantenidas para la venta;Deterioro de valor de activos no corrientes mantenidos para la venta;5991;599;1;;Asset;
Deterioro de valor de inversiones financieras no corrientes mantenidas para la venta;Deterioro de valor de activos no corrientes mantenidos para la venta;5992;599;1;;Asset;
Deterioro valor existencias, deudores comerciales y otras cuentas a cobrar en grupo enajenable mantenido para la venta;Deterioro de valor de activos no corrientes mantenidos para la venta;5993;599;1;;Asset;
Deterioro de valor de otros activos mantenidos para la venta;Deterioro de valor de activos no corrientes mantenidos para la venta;5994;599;1;;Asset;
Compras de mercaderías;;600;;1;;Expense;
Compras de materias primas;;601;;1;;Expense;
Compras de otros aprovisionamientos;;602;;1;;Expense;
Descuentos sobre compras por pronto pago;;606;;1;;Expense;
Descuentos sobre compras por pronto pago de mercaderías;Descuentos sobre compras por pronto pago;6060;606;1;;Expense;
Descuentos sobre compras por pronto pago de materias primas;Descuentos sobre compras por pronto pago;6061;606;1;;Expense;
Descuentos sobre compras por pronto pago de otros aprovisionamientos;Descuentos sobre compras por pronto pago;6062;606;1;;Expense;
Trabajos realizados por otras empresas;;607;;1;;Expense;
Devoluciones de compras y operaciones similares;;608;;1;;Expense;
Devoluciones de compras de mercaderías;Devoluciones de compras y operaciones similares;6080;608;1;;Expense;
Devoluciones de compras de materias primas;Devoluciones de compras y operaciones similares;6081;608;1;;Expense;
Devoluciones de compras de otros aprovisionamientos;Devoluciones de compras y operaciones similares;6082;608;1;;Expense;
“Rappels” por compras;;609;;1;;Expense;
“Rappels” por compras de mercaderías;“Rappels” por compras;6090;609;1;;Expense;
“Rappels” por compras de materias primas;“Rappels” por compras;6091;609;1;;Expense;
“Rappels” por compras de otros aprovisionamientos;“Rappels” por compras;6092;609;1;;Expense;
Variación de existencias de mercaderías;;610;;1;;Expense;
Variación de existencias de materias primas;;611;;1;;Expense;
Variación de existencias de otros aprovisionamientos;;612;;1;;Expense;
Gastos en investigación y desarrollo del ejercicio;;620;;1;;Expense;
Arrendamientos y cánones;;621;;1;;Expense;
Reparaciones y conservación;;622;;1;;Expense;
Servicios de profesionales independientes;;623;;1;;Expense;
Transportes;;624;;1;;Expense;
Primas de seguros;;625;;1;;Expense;
Servicios bancarios y similares;;626;;1;;Expense;
Publicidad, propaganda y relaciones públicas;;627;;1;;Expense;
Suministros;;628;;1;;Expense;
Otros servicios;;629;;1;;Expense;
Impuesto sobre beneficios;;630;;1;;Expense;
Impuesto corriente;Impuesto sobre beneficios;6300;630;1;;Expense;
Impuesto diferido;Impuesto sobre beneficios;6301;630;1;;Expense;
Otros tributos;;631;;1;;Expense;
Ajustes negativos en la imposición sobre be neficios;;633;;1;;Expense;
Ajustes negativos en la imposición indirecta;;634;;1;;Expense;
Ajustes negativos en IVA de activo corriente;Ajustes negativos en la imposición indirecta;6341;634;1;;Expense;
Ajustes negativos en IVA de inversiones;Ajustes negativos en la imposición indirecta;6342;634;1;;Expense;
Devolución de impuestos;;636;;1;;Expense;
Ajustes positivos en la imposición sobre beneficios;;638;;1;;Expense;
Ajustes positivos en la imposición indirecta;;639;;1;;Expense;
Ajustes positivos en IVA de activo corriente;Ajustes positivos en la imposición indirecta;6391;639;1;;Expense;
Ajustes positivos en IVA de inversiones;Ajustes positivos en la imposición indirecta;6392;639;1;;Expense;
Sueldos y salarios;;640;;1;;Expense;
Indemnizaciones;;641;;1;;Expense;
Seguridad Social a cargo de la empresa;;642;;1;;Expense;
Retribuciones a largo plazo mediante sistemas de aportación definida;;643;;1;;Expense;
Retribuciones a largo plazo mediante sistemas de prestación definida;;644;;1;;Expense;
Contribuciones anuales;Retribuciones a largo plazo mediante sistemas de prestación definida;6440;644;1;;Expense;
Otros costes;Retribuciones a largo plazo mediante sistemas de prestación definida;6442;644;1;;Expense;
Retribuciones al personal mediante instrumentos de patrimonio;;645;;1;;Expense;
Retribuciones al personal liquidados con instrumentos de patrimonio;Retribuciones al personal mediante instrumentos de patrimonio;6450;645;1;;Expense;
Retribuciones al personal liquidados en efectivo basado en instrumentos de patrimonio;Retribuciones al personal mediante instrumentos de patrimonio;6457;645;1;;Expense;
Otros gastos sociales;;649;;1;;Expense;
Pérdidas de créditos comerciales incobrables;;650;;1;;Expense;
Resultados de operaciones en común;;651;;1;;Expense;
Beneficio transferido (gestor);Resultados de operaciones en común;6510;651;1;;Expense;
Pérdida soportada (partícipe o asociado no gestor);Resultados de operaciones en común;6511;651;1;;Expense;
Otras pérdidas en gestión corriente;;659;;1;;Expense;
Gastos financieros por actualización de provisiones;;660;;1;;Expense;
Intereses de obligaciones y bonos;;661;;1;;Expense;
Intereses de obligaciones y bonos a largo plazo, empresas del grupo;Intereses de obligaciones y bonos;6610;661;1;;Expense;
Intereses de obligaciones y bonos a largo plazo, empresas asociadas;Intereses de obligaciones y bonos;6611;661;1;;Expense;
Intereses de obligaciones y bonos a largo plazo, otras partes vinculadas;Intereses de obligaciones y bonos;6612;661;1;;Expense;
Intereses de obligaciones y bonos a largo plazo, otras empresas;Intereses de obligaciones y bonos;6613;661;1;;Expense;
Intereses de obligaciones y bonos a corto plazo, empresas del grupo;Intereses de obligaciones y bonos;6615;661;1;;Expense;
Intereses de obligaciones y bonos a corto plazo, empresas asociadas;Intereses de obligaciones y bonos;6616;661;1;;Expense;
Intereses de obligaciones y bonos a corto plazo, otras partes vinculadas;Intereses de obligaciones y bonos;6617;661;1;;Expense;
Intereses de obligaciones y bonos a corto plazo, otras empresas;Intereses de obligaciones y bonos;6618;661;1;;Expense;
Intereses de deudas;;662;;1;;Expense;
Intereses de deudas, empresas del grupo;Intereses de deudas;6620;662;1;;Expense;
Intereses de deudas, empresas asociadas;Intereses de deudas;6621;662;1;;Expense;
Intereses de deudas, otras partes vinculadas;Intereses de deudas;6622;662;1;;Expense;
Intereses de deudas con entidades de crédito;Intereses de deudas;6623;662;1;;Expense;
Intereses de deudas, otras empresas;Intereses de deudas;6624;662;1;;Expense;
Pérdidas por valoración de instrumentos financieros por su valor razonable;;663;;1;;Expense;
Pérdidas de cartera de negociación;Pérdidas por valoración de instrumentos financieros por su valor razonable;6630;663;1;;Expense;
Pérdidas de designados por la empresa;Pérdidas por valoración de instrumentos financieros por su valor razonable;6631;663;1;;Expense;
Pérdidas de disponibles para la venta;Pérdidas por valoración de instrumentos financieros por su valor razonable;6632;663;1;;Expense;
Pérdidas de instrumentos de cobertura;Pérdidas por valoración de instrumentos financieros por su valor razonable;6633;663;1;;Expense;
Gastos por dividendos de acciones o participaciones consideradas como pasivos financieros;;664;;1;;Expense;
Dividendos de pasivos, empresas del grupo;Gastos por dividendos de acciones o participaciones consideradas como pasivos financieros;6640;664;1;;Expense;
Dividendos de pasivos, empresas asociadas;Gastos por dividendos de acciones o participaciones consideradas como pasivos financieros;6641;664;1;;Expense;
Dividendos de pasivos, otras partes vinculadas;Gastos por dividendos de acciones o participaciones consideradas como pasivos financieros;6642;664;1;;Expense;
Dividendos de pasivos, otras empresas;Gastos por dividendos de acciones o participaciones consideradas como pasivos financieros;6643;664;1;;Expense;
Intereses por descuento de efectos y operaciones de “factoring”;;665;;1;;Expense;
Intereses por descuento de efectos en entidades de crédito del grupo;Intereses por descuento de efectos y operaciones de “factoring”;6650;665;1;;Expense;
Intereses por descuento de efectos en entidades de crédito asociadas;Intereses por descuento de efectos y operaciones de “factoring”;6651;665;1;;Expense;
Intereses por descuento de efectos en otras entidades de crédito vinculadas;Intereses por descuento de efectos y operaciones de “factoring”;6652;665;1;;Expense;
Intereses por descuento de efectos en otras entidades de crédito;Intereses por descuento de efectos y operaciones de “factoring”;6653;665;1;;Expense;
Intereses por operaciones de “factoring” con entidades de crédito del grupo;Intereses por descuento de efectos y operaciones de “factoring”;6654;665;1;;Expense;
Intereses por operaciones de “factoring” con entidades de crédito asociadas;Intereses por descuento de efectos y operaciones de “factoring”;6655;665;1;;Expense;
Intereses por operaciones de “factoring” con otras entidades de crédito vinculadas;Intereses por descuento de efectos y operaciones de “factoring”;6656;665;1;;Expense;
Intereses por operaciones de “factoring” con otras entidades de crédito;Intereses por descuento de efectos y operaciones de “factoring”;6657;665;1;;Expense;
Pérdidas en participaciones y valores representativos de deuda;;666;;1;;Expense;
Pérdidas en valores representativos de deuda a largo plazo, empresas del grupo;Pérdidas en participaciones y valores representativos de deuda;6660;666;1;;Expense;
Pérdidas en valores representativos de deuda a largo plazo, empresas asociadas;Pérdidas en participaciones y valores representativos de deuda;6661;666;1;;Expense;
Pérdidas en valores representativos de deuda a largo plazo, otras partes vinculadas;Pérdidas en participaciones y valores representativos de deuda;6662;666;1;;Expense;
Pérdidas en participaciones y valores representativos de deuda a largo plazo, otras empresas;Pérdidas en participaciones y valores representativos de deuda;6663;666;1;;Expense;
Pérdidas en participaciones y valores representativos de deuda a corto plazo, empresas del grupo;Pérdidas en participaciones y valores representativos de deuda;6665;666;1;;Expense;
Pérdidas en participaciones y valores representativos de deuda a corto plazo, empresas asociadas;Pérdidas en participaciones y valores representativos de deuda;6666;666;1;;Expense;
Pérdidas en valores representativos de deuda a corto plazo, otras partes vinculadas;Pérdidas en participaciones y valores representativos de deuda;6667;666;1;;Expense;
Pérdidas en valores representativos de deuda a corto plazo, otras empresas;Pérdidas en participaciones y valores representativos de deuda;6668;666;1;;Expense;
Pérdidas de créditos no comerciales;;667;;1;;Expense;
Pérdidas de créditos a largo plazo, empresas del grupo;Pérdidas de créditos no comerciales;6670;667;1;;Expense;
Pérdidas de créditos a largo plazo, empresas asociadas;Pérdidas de créditos no comerciales;6671;667;1;;Expense;
Pérdidas de créditos a largo plazo, otras partes vinculadas;Pérdidas de créditos no comerciales;6672;667;1;;Expense;
Pérdidas de créditos a largo plazo, otras empresas;Pérdidas de créditos no comerciales;6673;667;1;;Expense;
Pérdidas de créditos a corto plazo, empresas del grupo;Pérdidas de créditos no comerciales;6675;667;1;;Expense;
Pérdidas de créditos a corto plazo, empresas asociadas;Pérdidas de créditos no comerciales;6676;667;1;;Expense;
Pérdidas de créditos a corto plazo, otras partes vinculadas;Pérdidas de créditos no comerciales;6677;667;1;;Expense;
Pérdidas de créditos a corto plazo, otras empresas;Pérdidas de créditos no comerciales;6678;667;1;;Expense;
Diferencias negativas de cambio;;668;;1;;Expense;
Otros gastos financieros;;669;;1;;Expense;
Pérdidas procedentes del inmovilizado intangible;;670;;1;;Expense;
Pérdidas procedentes del inmovilizado material;;671;;1;;Expense;
Pérdidas procedentes de las inversiones inmobiliarias;;672;;1;;Expense;
Pérdidas procedentes de participaciones a largo plazo en partes vinculadas;;673;;1;;Expense;
Pérdidas procedentes de participaciones a largo plazo, empresas del grupo;Pérdidas procedentes de participaciones a largo plazo en partes vinculadas;6733;673;1;;Expense;
Pérdidas procedentes de participaciones a largo plazo, empresas asociadas;Pérdidas procedentes de participaciones a largo plazo en partes vinculadas;6734;673;1;;Expense;
Pérdidas procedentes de participaciones a largo plazo, otras partes vinculadas;Pérdidas procedentes de participaciones a largo plazo en partes vinculadas;6735;673;1;;Expense;
Pérdidas por operaciones con obli gaciones propias;;675;;1;;Expense;
Gastos excepcionales;;678;;1;;Expense;
Amortización del inmovilizado intangible;;680;;1;;Expense;
Amortización del inmovilizado material;;681;;1;;Expense;
Amortización de las inversiones inmobiliarias;;682;;1;;Expense;
Pérdidas por deterioro del inmovilizado intangible;;690;;1;;Expense;
Pérdidas por deterioro del inmovilizado material;;691;;1;;Expense;
Pérdidas por deterioro de las inversiones inmobiliarias;;692;;1;;Expense;
Pérdidas por deterioro de existencias;;693;;1;;Expense;
Pérdidas por deterioro de productos terminados y en curso de fabricación;Pérdidas por deterioro de existencias;6930;693;1;;Expense;
Pérdidas por deterioro de mercaderías;Pérdidas por deterioro de existencias;6931;693;1;;Expense;
Pérdidas por deterioro de materias primas;Pérdidas por deterioro de existencias;6932;693;1;;Expense;
Pérdidas por deterioro de otros aprovisionamientos;Pérdidas por deterioro de existencias;6933;693;1;;Expense;
Pérdidas por deterioro de créditos por operaciones comerciales;;694;;1;;Expense;
Dotación a la provisión por operaciones comerciales;;695;;1;;Expense;
Dotación a la provisión por contratos onerosos;Dotación a la provisión por operaciones comerciales;6954;695;1;;Expense;
Dotación a la provisión para otras operaciones comerciales;Dotación a la provisión por operaciones comerciales;6959;695;1;;Expense;
Pérdidas por deterioro de participaciones y valores representativos de deuda a largo plazo;;696;;1;;Expense;
Pérdidas por deterioro de participaciones en instrumentos de patrimonio neto a largo plazo, empresas del grupo;Pérdidas por deterioro de participaciones y valores representativos de deuda a largo plazo;6960;696;1;;Expense;
Pérdidas por deterioro de participaciones en instrumentos de patrimonio neto a largo plazo, empresas asociadas;Pérdidas por deterioro de participaciones y valores representativos de deuda a largo plazo;6961;696;1;;Expense;
Pérdidas por deterioro de participaciones en instrumentos de patrimonio neto a largo plazo, otras partes vinculadas;Pérdidas por deterioro de participaciones y valores representativos de deuda a largo plazo;6962;696;1;;Expense;
Pérdidas por deterioro de participaciones en instrumentos de patrimonio neto a largo plazo, otras empresas;Pérdidas por deterioro de participaciones y valores representativos de deuda a largo plazo;6963;696;1;;Expense;
Pérdidas por deterioro en valores representativos de deuda a largo plazo, empresas del grupo;Pérdidas por deterioro de participaciones y valores representativos de deuda a largo plazo;6965;696;1;;Expense;
Pérdidas por deterioro en valores representativos de deuda a largo plazo, empresas asociadas;Pérdidas por deterioro de participaciones y valores representativos de deuda a largo plazo;6966;696;1;;Expense;
Pérdidas por deterioro en valores representativos de deuda a largo plazo, otras partes vinculadas;Pérdidas por deterioro de participaciones y valores representativos de deuda a largo plazo;6967;696;1;;Expense;
Pérdidas por deterioro en valores representativos de deuda a largo plazo, de otras empresas;Pérdidas por deterioro de participaciones y valores representativos de deuda a largo plazo;6968;696;1;;Expense;
Pérdidas por deterioro de créditos a largo plazo;;697;;1;;Expense;
Pérdidas por deterioro de créditos a largo plazo, empresas del grupo;Pérdidas por deterioro de créditos a largo plazo;6970;697;1;;Expense;
Pérdidas por deterioro de créditos a largo plazo, empresas asociadas;Pérdidas por deterioro de créditos a largo plazo;6971;697;1;;Expense;
Pérdidas por deterioro de créditos a largo plazo, otras partes vinculadas;Pérdidas por deterioro de créditos a largo plazo;6972;697;1;;Expense;
Pérdidas por deterioro de créditos a largo plazo, otras empresas;Pérdidas por deterioro de créditos a largo plazo;6973;697;1;;Expense;
Pérdidas por deterioro de participaciones y valores representativos de deuda a corto plazo;;698;;1;;Expense;
Pérdidas por deterioro de participaciones en instrumentos de patrimonio neto a corto plazo, empresas del grupo;Pérdidas por deterioro de participaciones y valores representativos de deuda a corto plazo;6980;698;1;;Expense;
Pérdidas por deterioro de participaciones en instrumentos de patrimonio neto a corto plazo, empresas asociadas;Pérdidas por deterioro de participaciones y valores representativos de deuda a corto plazo;6981;698;1;;Expense;
Pérdidas por deterioro en valores representativos de deuda a corto plazo, empresas del grupo;Pérdidas por deterioro de participaciones y valores representativos de deuda a corto plazo;6985;698;1;;Expense;
Pérdidas por deterioro en valores representativos de deuda a corto plazo, empresas asociadas;Pérdidas por deterioro de participaciones y valores representativos de deuda a corto plazo;6986;698;1;;Expense;
Pérdidas por deterioro en valores representativos de deuda a corto plazo, otras partes vinculadas;Pérdidas por deterioro de participaciones y valores representativos de deuda a corto plazo;6987;698;1;;Expense;
Pérdidas por deterioro en valores representativos de deuda a corto plazo, de otras empresas;Pérdidas por deterioro de participaciones y valores representativos de deuda a corto plazo;6988;698;1;;Expense;
Pérdidas por deterioro de créditos a corto plazo;;699;;1;;Expense;
Pérdidas por deterioro de créditos a corto plazo, empresas del grupo;Pérdidas por deterioro de créditos a corto plazo;6990;699;1;;Expense;
Pérdidas por deterioro de créditos a corto plazo, empresas asociadas;Pérdidas por deterioro de créditos a corto plazo;6991;699;1;;Expense;
Pérdidas por deterioro de créditos a corto plazo, otras partes vinculadas;Pérdidas por deterioro de créditos a corto plazo;6992;699;1;;Expense;
Pérdidas por deterioro de créditos a corto plazo, otras empresas;Pérdidas por deterioro de créditos a corto plazo;6993;699;1;;Expense;
Ventas de mercaderías;;700;;1;;Income;
Ventas de productos terminados;;701;;1;;Income;
Ventas de productos semiterminados;;702;;1;;Income;
Ventas de subproductos y residuos;;703;;1;;Income;
Ventas de envases y embalajes;;704;;1;;Income;
Prestaciones de servicios;;705;;1;;Income;
Descuentos sobre ventas por pronto pago;;706;;1;;Income;
Descuentos sobre ventas por pronto pago de mercaderías;Descuentos sobre ventas por pronto pago;7060;706;1;;Income;
Descuentos sobre ventas por pronto pago de productos terminados;Descuentos sobre ventas por pronto pago;7061;706;1;;Income;
Descuentos sobre ventas por pronto pago de productos semiterminados;Descuentos sobre ventas por pronto pago;7062;706;1;;Income;
Descuentos sobre ventas por pronto pago de subproductos y residuos;Descuentos sobre ventas por pronto pago;7063;706;1;;Income;
Devoluciones de ventas y operaciones similares;;708;;1;;Income;
Devoluciones de ventas de mercaderías;Devoluciones de ventas y operaciones similares;7080;708;1;;Income;
Devoluciones de ventas de productos terminados;Devoluciones de ventas y operaciones similares;7081;708;1;;Income;
Devoluciones de ventas de productos semiterminados;Devoluciones de ventas y operaciones similares;7082;708;1;;Income;
Devoluciones de ventas de subproductos y residuos;Devoluciones de ventas y operaciones similares;7083;708;1;;Income;
Devoluciones de ventas de envases y embalajes;Devoluciones de ventas y operaciones similares;7084;708;1;;Income;
“Rappels” sobre ventas;;709;;1;;Income;
«Rappels» sobre ventas de mercaderías;“Rappels” sobre ventas;7090;709;1;;Income;
“Rappels” sobre ventas de productos terminados;“Rappels” sobre ventas;7091;709;1;;Income;
“Rappels” sobre ventas de productos semiterminados;“Rappels” sobre ventas;7092;709;1;;Income;
“Rappels” sobre ventas de subproductos y residuos;“Rappels” sobre ventas;7093;709;1;;Income;
“Rappels” sobre ventas de envases y embalajes;“Rappels” sobre ventas;7094;709;1;;Income;
Variación de existencias de productos en curso;;710;;1;;Income;
Variación de existencias de productos semiterminados;;711;;1;;Income;
Variación de existencias de productos terminados;;712;;1;;Income;
Variación de existencias de subproductos, residuos y materiales recuperados;;713;;1;;Income;
Trabajos realizados para el inmovilizado intangible;;730;;1;;Income;
Trabajos realizados para el inmovilizado material;;731;;1;;Income;
Trabajos realizados en inversiones inmobiliarias;;732;;1;;Income;
Trabajos realizados para el inmovilizado material en curso;;733;;1;;Income;
Subvenciones, donaciones y legados a la explotación;;740;;1;;Income;
Subvenciones, donaciones y legados de capital transferidos al resultado del ejercicio;;746;;1;;Income;
Otras subvenciones, donaciones y legados transferidos al resultado del ejercicio;;747;;1;;Income;
Resultados de operaciones en común;;751;;1;;Income;
Pérdida transferida (gestor);Resultados de operaciones en común;7510;751;1;;Income;
Beneficio atribuido (partícipe o asociado no gestor);Resultados de operaciones en común;7511;751;1;;Income;
Ingresos por arrendamientos;;752;;1;;Income;
Ingresos de propiedad industrial cedida en explotación;;753;;1;;Income;
Ingresos por comisiones;;754;;1;;Income;
Ingresos por servicios al personal;;755;;1;;Income;
Ingresos por servicios diversos;;759;;1;;Income;
Ingresos de participaciones en instrumentos de patrimonio;;760;;1;;Income;
Ingresos de participaciones en instrumentos de patrimonio, empresas del grupo;Ingresos de participaciones en instrumentos de patrimonio;7600;760;1;;Income;
Ingresos de participaciones en instrumentos de patrimonio, empresas asociadas;Ingresos de participaciones en instrumentos de patrimonio;7601;760;1;;Income;
Ingresos de participaciones en instrumentos de patrimonio, otras partes vinculadas;Ingresos de participaciones en instrumentos de patrimonio;7602;760;1;;Income;
Ingresos de participaciones en instrumentos de patrimonio, otras empresas;Ingresos de participaciones en instrumentos de patrimonio;7603;760;1;;Income;
Ingresos de valores representativos de deuda;;761;;1;;Income;
Ingresos de valores representativos de deuda, empresas del grupo;Ingresos de valores representativos de deuda;7610;761;1;;Income;
Ingresos de valores representativos de deuda, empresas asociadas;Ingresos de valores representativos de deuda;7611;761;1;;Income;
Ingresos de valores representativos de deuda, otras partes vinculadas;Ingresos de valores representativos de deuda;7612;761;1;;Income;
Ingresos de valores representativos de deuda, otras empresas;Ingresos de valores representativos de deuda;7613;761;1;;Income;
Ingresos de créditos;;762;;1;;Income;
Ingresos de créditos a largo plazo;Ingresos de créditos;7620;762;1;;Income;
Ingresos de créditos a largo plazo, empresas del grupo;Ingresos de créditos a largo plazo;76200;7620;1;;Income;
Ingresos de créditos a largo plazo, empresas asociadas;Ingresos de créditos a largo plazo;76201;7620;1;;Income;
Ingresos de créditos a largo plazo, otras partes vinculadas;Ingresos de créditos a largo plazo;76202;7620;1;;Income;
Ingresos de créditos a largo plazo, otras empresas;Ingresos de créditos a largo plazo;76203;7620;1;;Income;
Ingresos de créditos a corto plazo;Ingresos de créditos;7621;762;1;;Income;
Ingresos de créditos a corto plazo, empresas del grupo;Ingresos de créditos a corto plazo;76210;7621;1;;Income;
Ingresos de créditos a corto plazo, empresas asociadas;Ingresos de créditos a corto plazo;76211;7621;1;;Income;
Ingresos de créditos a corto plazo, otras partes vinculadas;Ingresos de créditos a corto plazo;76212;7621;1;;Income;
Ingresos de créditos a corto plazo, otras empresas;Ingresos de créditos a corto plazo;76213;7621;1;;Income;
Beneficios por valoración de instrumentos financieros por su valor razonable;;763;;1;;Income;
Beneficios de cartera de negociación;Beneficios por valoración de instrumentos financieros por su valor razonable;7630;763;1;;Income;
Beneficios de designados por la empresa;Beneficios por valoración de instrumentos financieros por su valor razonable;7631;763;1;;Income;
Beneficios de disponibles para la venta;Beneficios por valoración de instrumentos financieros por su valor razonable;7632;763;1;;Income;
Beneficios de instrumentos de cobertura;Beneficios por valoración de instrumentos financieros por su valor razonable;7633;763;1;;Income;
Beneficios en participaciones y valores representativos de deuda;;766;;1;;Income;
Beneficios en valores representativos de deuda a largo plazo, empresas del grupo;Beneficios en participaciones y valores representativos de deuda;7660;766;1;;Income;
Beneficios en valores representativos de deuda a largo plazo, empresas asociadas;Beneficios en participaciones y valores representativos de deuda;7661;766;1;;Income;
Beneficios en valores representativos de deuda a largo plazo, otras partes vinculadas;Beneficios en participaciones y valores representativos de deuda;7662;766;1;;Income;
Beneficios en participaciones y valores representativos de deuda a largo plazo, otras empresas;Beneficios en participaciones y valores representativos de deuda;7663;766;1;;Income;
Beneficios en participaciones y valores representativos de deuda a corto plazo, empresas del grupo;Beneficios en participaciones y valores representativos de deuda;7665;766;1;;Income;
Beneficios en participaciones y valores representativos de deuda a corto plazo, empresas asociadas;Beneficios en participaciones y valores representativos de deuda;7666;766;1;;Income;
Beneficios en valores representativos de deuda a corto plazo, otras partes vinculadas;Beneficios en participaciones y valores representativos de deuda;7667;766;1;;Income;
Beneficios en valores representativos de deuda a corto plazo, otras empresas;Beneficios en participaciones y valores representativos de deuda;7668;766;1;;Income;
Ingresos de activos afectos y de derechos de reembolso relativos a retribuciones a largo plazo;;767;;1;;Income;
Diferencias positivas de cambio;;768;;1;;Income;
Otros ingresos financieros;;769;;1;;Income;
Beneficios procedentes del inmovilizado intangible;;770;;1;;Income;
Beneficios procedentes del inmovilizado mate rial;;771;;1;;Income;
Beneficios procedentes de las inversiones inmobiliarias;;772;;1;;Income;
Beneficios procedentes de participaciones a largo plazo en partes vinculadas;;773;;1;;Income;
Beneficios procedentes de participaciones a largo plazo, empresas del grupo;Beneficios procedentes de participaciones a largo plazo en partes vinculadas;7733;773;1;;Income;
Beneficios procedentes de participaciones a largo plazo, empresas asociadas;Beneficios procedentes de participaciones a largo plazo en partes vinculadas;7734;773;1;;Income;
Beneficios procedentes de participaciones a largo plazo, otras partes vinculadas;Beneficios procedentes de participaciones a largo plazo en partes vinculadas;7735;773;1;;Income;
Diferencia negativa en combinaciones de negocios;;774;;1;;Income;
Beneficios por operaciones con obligaciones propias;;775;;1;;Income;
Ingresos excepcionales;;778;;1;;Income;
Reversión del deterioro del inmovilizado intangible;;790;;1;;Income;
Reversión del deterioro del inmovilizado material;;791;;1;;Income;
Reversión del deterioro de las inversiones inmobiliarias;;792;;1;;Income;
Reversión del deterioro de existencias;;793;;1;;Income;
Reversión del deterioro de productos terminados y en curso de fabricación;Reversión del deterioro de existencias;7930;793;1;;Income;
Reversión del deterioro de mercaderías;Reversión del deterioro de existencias;7931;793;1;;Income;
Reversión del deterioro de materias primas;Reversión del deterioro de existencias;7932;793;1;;Income;
Reversión del deterioro de otros aprovisionamientos;Reversión del deterioro de existencias;7933;793;1;;Income;
Reversión del deterioro de créditos por operaciones comerciales;;794;;1;;Income;
Exceso de provisiones;;795;;1;;Income;
Exceso de provisión por retribuciones al personal;Exceso de provisiones;7950;795;1;;Income;
Exceso de provisión para impuestos;Exceso de provisiones;7951;795;1;;Income;
Exceso de provisión para otras responsabilidades;Exceso de provisiones;7952;795;1;;Income;
Exceso de provisión por operaciones comerciales;Exceso de provisiones;7954;795;1;;Income;
Exceso de provisión por contratos onerosos;Exceso de provisión por operaciones comerciales;79544;7954;1;;Income;
Exceso de provisión para otras operaciones comerciales;Exceso de provisión por operaciones comerciales;79549;7954;1;;Income;
Exceso de provisión para actuaciones medioambientales;Exceso de provisiones;7955;795;1;;Income;
Exceso de provisión para reestructuraciones;Exceso de provisiones;7956;795;1;;Income;
Exceso de provisión por transacciones con pagos basados en instrumentos de patrimonio;Exceso de provisiones;7957;795;1;;Income;
Reversión del deterioro de participaciones y valores representativos de deuda a largo plazo;;796;;1;;Income;
Reversión del deterioro de participaciones en instrumentos de patrimonio neto a largo plazo, empresas del grupo;Reversión del deterioro de participaciones y valores representativos de deuda a largo plazo;7960;796;1;;Income;
Reversión del deterioro de participaciones en instrumentos de patrimonio neto a largo plazo, empresas asociadas;Reversión del deterioro de participaciones y valores representativos de deuda a largo plazo;7961;796;1;;Income;
Reversión del deterioro de valores representativos de deuda a largo plazo, empresas del grupo;Reversión del deterioro de participaciones y valores representativos de deuda a largo plazo;7965;796;1;;Income;
Reversión del deterioro de valores representativos de deuda a largo plazo, empresas asociadas;Reversión del deterioro de participaciones y valores representativos de deuda a largo plazo;7966;796;1;;Income;
Reversión del deterioro de valores representativos de deuda a largo plazo, otras partes vinculadas;Reversión del deterioro de participaciones y valores representativos de deuda a largo plazo;7967;796;1;;Income;
Reversión del deterioro de valores representativos de deuda a largo plazo, otras empresas;Reversión del deterioro de participaciones y valores representativos de deuda a largo plazo;7968;796;1;;Income;
Reversión del deterioro de créditos a largo plazo;;797;;1;;Income;
Reversión del deterioro de créditos a largo plazo, empresas del grupo;Reversión del deterioro de créditos a largo plazo;7970;797;1;;Income;
Reversión del deterioro de créditos a largo plazo, empresas asociadas;Reversión del deterioro de créditos a largo plazo;7971;797;1;;Income;
Reversión del deterioro de créditos a largo plazo, otras partes vinculadas;Reversión del deterioro de créditos a largo plazo;7972;797;1;;Income;
Reversión del deterioro de créditos a largo plazo, otras empresas;Reversión del deterioro de créditos a largo plazo;7973;797;1;;Income;
Reversión del deterioro de participaciones y valores representativos de deuda a corto plazo;;798;;1;;Income;
Reversión del deterioro de participaciones en instrumentos de patrimonio neto a corto plazo, empresas del grupo;Reversión del deterioro de participaciones y valores representativos de deuda a corto plazo;7980;798;1;;Income;
Reversión del deterioro de participaciones en instrumentos de patrimonio neto a corto plazo, empresas asociadas;Reversión del deterioro de participaciones y valores representativos de deuda a corto plazo;7981;798;1;;Income;
Reversión del deterioro en valores representativos de deuda a corto plazo, empresas del grupo;Reversión del deterioro de participaciones y valores representativos de deuda a corto plazo;7985;798;1;;Income;
Reversión del deterioro en valores representativos de deuda a corto plazo, empresas asociadas;Reversión del deterioro de participaciones y valores representativos de deuda a corto plazo;7986;798;1;;Income;
Reversión del deterioro en valores representativos de deuda a corto plazo, otras partes vinculadas;Reversión del deterioro de participaciones y valores representativos de deuda a corto plazo;7987;798;1;;Income;
Reversión del deterioro en valores representativos de deuda a corto plazo, otras empresas;Reversión del deterioro de participaciones y valores representativos de deuda a corto plazo;7988;798;1;;Income;
Reversión del deterioro de créditos a corto plazo;;799;;1;;Income;
Reversión del deterioro de créditos a corto plazo, empresas del grupo;Reversión del deterioro de créditos a corto plazo;7990;799;1;;Income;
Reversión del deterioro de créditos a corto plazo, empresas asociadas;Reversión del deterioro de créditos a corto plazo;7991;799;1;;Income;
Reversión del deterioro de créditos a corto plazo, otras partes vinculadas;Reversión del deterioro de créditos a corto plazo;7992;799;1;;Income;
Reversión del deterioro de créditos a corto plazo, otras empresas;Reversión del deterioro de créditos a corto plazo;7993;799;1;;Income;
